{"cameraMode":{"drawMode":0,"name":"Shaded","section":"Shading Mode"},"sceneLighting":true,"audioPlay":false,"sceneViewState":{"m_AlwaysRefresh":false,"showFog":true,"showSkybox":true,"showFlares":true,"showImageEffects":true,"showParticleSystems":true,"showVisualEffectGraphs":true,"m_FxEnabled":true},"in2DMode":false,"pivot":{"x":1.9316086769104005,"y":0.9827030897140503,"z":2.9952807426452638},"rotation":{"x":-0.029697399586439134,"y":-0.8599459528923035,"z":0.050375279039144519,"w":-0.5070527791976929},"size":1.4240505695343018,"orthographic":false}