{"cameraMode":{"drawMode":0,"name":"Shaded","section":"Shading Mode"},"sceneLighting":true,"audioPlay":false,"sceneViewState":{"m_AlwaysRefresh":false,"showFog":true,"showSkybox":true,"showFlares":true,"showImageEffects":true,"showParticleSystems":true,"showVisualEffectGraphs":true,"m_FxEnabled":true},"in2DMode":false,"pivot":{"x":1.6589468717575074,"y":0.8748886585235596,"z":-0.6320241093635559},"rotation":{"x":-0.06179258972406387,"y":-0.19194944202899934,"z":0.012115713208913803,"w":-0.9793971180915833},"size":2.415020704269409,"orthographic":false}